gender,name.title,name.first,name.last,location.street.number,location.street.name,location.city,location.state,location.country,location.postcode,location.coordinates.latitude,location.coordinates.longitude,location.timezone.offset,location.timezone.description,email,login.uuid,login.username,login.password,login.salt,login.md5,login.sha1,login.sha256,dob.date,dob.age,registered.date,registered.age,phone,id.name,id.value,nat
female,Mrs,Sara,Murphy,3010,Victoria Street,Canterbury,Worcestershire,United Kingdom,F41 2EG,-5.5418,20.7612,+8:00,"Beijing, Perth, Singapore, Hong Kong",sara.murphy@example.com,da6d4e2f-b636-4944-96e2-2fe81ffb140a,blackcat987,tony,zmzKrrhA,ecab62a9fb57ff5ff9f56b26e94b0345,f6720b86b33ddce13f272278aa292be9d5598006,821ece419b0dccf24f2a1a00bb8d3a22ffff8e7992125d9c9677a5c9bf3c3ae1,1994-08-26T18:10:59.226Z,29,2012-11-01T22:16:12.385Z,11,017684 77325,NINO,NR 84 83 47 Q,GB
male,Mr,Everett,Diaz,2654,Mill Road,Stoke-on-Trent,County Down,United Kingdom,Q0E 3HG,-26.2428,-109.0896,+5:30,"Bombay, Calcutta, Madras, New Delhi",everett.diaz@example.com,53b47d31-6399-4d20-92a4-6f465ce4e9ea,purplefrog475,buffet,ApKJ3lbt,fe811ff4f6e6b4650e43832179c45424,d55709919174a5aa164a0533bd71080dfeacb256,7fd91da3bb0a40423a607c62da8d56fb28819e7da7b3b5fa6834d6a64c16034a,2000-07-31T01:05:12.807Z,23,2007-10-29T00:13:11.666Z,16,0118776 197 8778,NINO,ZW 90 89 48 Q,GB
female,Mrs,Julie,Hudson,917,Queen Street,Peterborough,Dorset,United Kingdom,VS17 6XB,-25.9475,52.435,+1:00,"Brussels, Copenhagen, Madrid, Paris",julie.hudson@example.com,87671aa4-bed9-43c7-953a-238c293e7b25,reddog310,caster,3ZKlVEZw,71f60963f1504f21e20581246373a036,4038b7270717d94024857b871e2887da12b66266,0e5c6bf41f7f9140b5f38d395e1e27dd525790ca8734cf38858f15132e6a03a0,1976-01-06T22:25:59.058Z,48,2018-01-16T06:42:06.541Z,6,017683 86282,NINO,YK 43 99 93 E,GB
female,Miss,Olivia,Fortin,4760,Simcoe St,St. George,Québec,Canada,S9X 5V9,52.2062,148.7428,-10:00,Hawaii,olivia.fortin@example.com,e4017ddd-76ad-4b92-93ba-699a41f9a1ab,redgorilla613,rachel1,zO1RJiLn,6c89ab50703f314e607a7d76443adb58,45f570442977ac44ba4ac9eba77e03dbdf238961,8a9e131a52c1eb8abf8ea741bef5693a8666872ad13a7d4e9c9024c851c725c2,1976-08-23T06:26:40.633Z,47,2015-06-25T09:33:11.726Z,9,C95 R06-7932,SIN,540795861,CA
female,Miss,Amy,Harcourt,7638,Brock Rd,Georgetown,Newfoundland and Labrador,Canada,I2P 5I9,61.0479,76.3191,+3:00,"Baghdad, Riyadh, Moscow, St. Petersburg",amy.harcourt@example.com,1638c355-7256-4ce4-af89-59dfab56f1e6,organicfrog637,letmein2,iuAW4sx0,1f9160fed2cdd7d9d730690d9eb08fa8,f7d77ed95958355a778f0145f7c5331a45075ee5,65f518ec8e2416c6801ecd27ba656b5819dc91a482a980d89a3d3aaed8e69a0c,1993-02-15T12:39:45.982Z,31,2021-10-08T15:33:45.275Z,2,S34 Y19-3276,SIN,718594963,CA
male,Mr,Steve,Macrae,3569,New Road,Bradford,Dorset,United Kingdom,C57 0PD,-1.7994,-160.8767,-6:00,"Central Time (US & Canada), Mexico City",steve.macrae@example.com,e8357144-acbc-4a6f-b034-1fd3e53b27de,bluefish204,2469,OYQWOz88,123df6616c73a7dec017167113ebcc01,d72e6f58d33f33a9ce016e78eca9bd6e4194370a,da28e0802bbd17340d81f1f344d2ea42a04ed9e07e69de25665e28c50bd076fb,1998-04-28T10:46:20.022Z,26,2019-05-29T16:26:23.050Z,5,015394 37864,NINO,NM 12 74 42 Y,GB
male,Mr,Alexis,Novak,6963,Pierre Ave,Port Elgin,New Brunswick,Canada,X3Z 2V9,59.137,-112.817,+8:00,"Beijing, Perth, Singapore, Hong Kong",alexis.novak@example.com,1bdbba4f-b1ad-49b7-98ac-91726621d151,purplerabbit629,ludwig,SgP2KREh,a05e469b6308cdcb50bf97b606052ebe,298b9dd466b0523f6e3027aec84324133095fa68,b4e9b623a31dfa95fa071132fabb58a05ffc4f1d910561c7a2b994aac3c25009,1950-08-10T06:56:14.756Z,73,2012-01-13T01:43:03.618Z,12,L31 B81-3004,SIN,276872371,CA
male,Mr,Carter,Côté,84,9th St,Maitland,Alberta,Canada,C6A 7E9,46.5748,-106.5221,-6:00,"Central Time (US & Canada), Mexico City",carter.cote@example.com,33301902-e769-4913-ba63-9e1c9bbf087e,happyelephant627,nnnnnnn,5DyKKel8,022a443fa656eb4a9937491569d84a6d,8afca9959f56d51fc266751861d0418b8bb6ed89,4d272d4fcd0428681eeb0f3c7da3e18e1e2968e474e588888491d4afc4c0d77f,1995-10-15T10:03:35.605Z,28,2004-05-24T05:25:33.998Z,20,O77 Z05-4995,SIN,303029284,CA
male,Mr,Alessio,Hubert,4007,Rue Saint-Georges,Saint-Étienne,Gard,France,15869,28.1359,-128.3629,-1:00,"Azores, Cape Verde Islands",alessio.hubert@example.com,0766fd51-2a70-4d90-b2e1-529ca51b5376,whitebutterfly404,blam,iMEb2JdC,1487c2559aafeefd1850bbaa014e1e97,1f9fb50d7fe2d5a696bcd8b8214425ec81467214,ca4c3008da3d57241a1c2c8ef7ac6faa215128604325b2f0b68c8dbc8d2c4104,1955-03-24T15:02:58.198Z,69,2013-08-19T15:24:30.108Z,10,04-31-73-14-30,INSEE,1550238723836 22,FR
male,Mr,Alexander,Andersen,2914,Oak St,Port Elgin,Québec,Canada,H9B 8M6,46.6703,-18.3151,+8:00,"Beijing, Perth, Singapore, Hong Kong",alexander.andersen@example.com,00d4aac4-ff0a-4e0f-a6d4-122e2ccd4a0b,ticklishfish163,hamish,80cM3b0Q,0cad38a0661d522cca87f18a27ce7def,b08e6d2e9f0abaa0ee49ff15ac4ce5162fb5e8de,a272675a28b211158b93fef9ea22d9cabc80550eb2e03dd0d61f19c24337131d,1952-12-20T08:41:33.034Z,71,2005-11-02T06:42:33.542Z,18,E77 V36-0600,SIN,644891699,CA
male,Mr,Morris,Cunningham,9982,Windsor Road,Stoke-on-Trent,Mid Glamorgan,United Kingdom,G6N 6WT,-32.9072,-101.763,+6:00,"Almaty, Dhaka, Colombo",morris.cunningham@example.com,b2cffda2-7b53-4f03-924d-f8a3cb03ad3d,crazyswan981,bridget,BSxm7anK,0870201acca2005171457e957b9ea82b,c39d26aaaaed1810b42ec478703ecc1fbfe2df7b,65d56b835c655b2ce08530958e66594ece01cdedb27355a2df6aa8a9b9e381d5,1973-10-23T06:17:05.757Z,50,2015-07-24T04:32:39.192Z,8,016977 11068,NINO,JB 24 65 08 J,GB
male,Mr,Logan,Clement,3771,Rue des Abbesses,Montreuil,Nord,France,20857,26.9841,-19.8106,-3:30,Newfoundland,logan.clement@example.com,7256b8b1-7368-4bf9-b027-0031ed60f004,blueladybug112,9876,ClAHS7KT,4ee6d5dbea997287c2bf05ad7a483b9e,5c53e24e03db10dceb60816476d9482ef95da033,85331a300e242af6cbf55a277f4030fd70bcdc85cc6c178a8700f425ec99ff90,1946-02-18T14:07:16.905Z,78,2007-01-14T02:58:05.332Z,17,05-84-09-00-27,INSEE,1460185270117 04,FR
male,Mr,Jeremiah,Perry,3259,Oaks Cross,Brighton and Hove,West Yorkshire,United Kingdom,RJ8 9WS,-25.6459,-80.7052,-2:00,Mid-Atlantic,jeremiah.perry@example.com,7b5581f8-a97c-4403-8576-bc1c759f92f5,heavygorilla723,explorer,OMDXrbmd,7595bd89577f29acb045f6b8ad1089f9,8ecb99c360e07c734d0d52176f65fa001734c586,a0398e6f6c59f6177a7c8ab9d23c26949b50fd3630e412d445ede5585c6ab18c,1990-02-27T06:31:20.277Z,34,2004-02-14T13:53:01.777Z,20,015394 67196,NINO,PP 22 82 35 R,GB
female,Miss,Emma,Lavoie,9394,Coastal Highway,Minto,Manitoba,Canada,O6B 1Z5,72.9361,178.4734,+5:30,"Bombay, Calcutta, Madras, New Delhi",emma.lavoie@example.com,680bf493-a402-4f85-8d46-eed6d444aac0,greenwolf892,customer,ral7Gud1,eb0b27d60ccab6fcfad3d4b35e442cf2,be7b65624a4331b5d752e6be40ccf45b2f2e68bd,480c54e22f55a9055ceccec83ab71fcebd09d5facabb20dd73cf2b1c55731649,1992-12-23T12:07:40.526Z,31,2010-11-22T02:18:44.089Z,13,I32 Q68-0035,SIN,487561102,CA
male,Mr,Ivan,Alexander,1495,Church Street,Portsmouth,Kent,United Kingdom,WV1I 9JF,-39.9722,-178.1751,-5:00,"Eastern Time (US & Canada), Bogota, Lima",ivan.alexander@example.com,60322a8b-03e2-4533-b5b3-91d505c1c6cf,silverduck619,finance,an6junll,a69577226d857c64b1f8fe5bcde4409d,cfccad335edf72a7ee652609fba2765584cb3c6e,3349d85c71fd4d6bc8176d701fa2aca5be00583374705172fdb546a3888ef9cb,1949-06-13T04:33:55.345Z,75,2018-09-23T10:50:05.827Z,5,017683 61817,NINO,CJ 85 07 52 J,GB
male,Mr,Leo,Scott,7380,York St,Victoria,Nunavut,Canada,R6O 9G0,68.1312,-96.4582,-10:00,Hawaii,leo.scott@example.com,8d1bfe90-0798-4789-89ae-c2402921d045,purpleswan800,monroe,cBLIEILq,d4070947d7dc6decd1da57506bbbeeb9,edd3da675909b5fa674eac8e5e7185ea30fc64b3,c9b95242aebf81380a34170f534d8a074a8d19b1228e005d447ea61e6f808965,1951-10-06T13:16:39.694Z,72,2008-03-23T21:13:10.161Z,16,E61 C80-2364,SIN,590823001,CA
female,Mrs,Rose,Lavigne,4806,Victoria Ave,Aylmer,Ontario,Canada,Y8Q 4E2,65.8878,59.338,+9:30,"Adelaide, Darwin",rose.lavigne@example.com,e87e7e0a-4c04-4dbe-9ac1-a70987c5e4c6,bigostrich548,rockford,Xat1S61O,b56909722915a29569ce3b9eefba121f,53cde7b32952990dabb0bf845a00483cb9515613,821146e0a0cb50da7ea3c346ece6f5b63a296130378886227b74b7eaedc6fb0b,1945-07-09T16:35:03.130Z,79,2014-04-19T10:13:23.706Z,10,L73 W37-3896,SIN,91556589,CA
female,Miss,Kristen,Diaz,666,Poplar Dr,Riverside,Louisiana,United States,55999,-65.6687,90.6606,-5:00,"Eastern Time (US & Canada), Bogota, Lima",kristen.diaz@example.com,83131ab5-8d79-45ca-acf0-9f421d3d93c1,beautifullion987,werewolf,1EMvWNiV,518e8227be5898b32cf8ce91f89f9efd,71660d12695eb7cf67acebf729577e978e4ce33f,6c46e0359031d8d9e84d90c249595b189f9cf9f83423dd3c11f8cbc706b55d15,1958-12-28T09:41:39.929Z,65,2005-05-09T12:47:06.460Z,19,(828) 627-1412,SSN,748-29-8991,US
male,Mr,Gaëtan,Rodriguez,1021,Avenue du Château,Rouen,Sarthe,France,95257,25.6104,-148.1874,0:00,"Western Europe Time, London, Lisbon, Casablanca",gaetan.rodriguez@example.com,5e710cdf-2805-48db-a08e-a1e3debf0a36,lazytiger691,333333,kIcuH1U5,97254cb2fe73200c163739c3773c397a,d009103dc769fe9226803a84b10ed34a6758d36b,aa76417e31b6a538e2d33ed0b92effc4e382f695e7f16da49ed52de6b6361737,1950-05-16T15:30:41.023Z,74,2020-08-21T23:04:17.286Z,3,05-87-90-62-39,INSEE,1500419761287 27,FR
female,Mrs,Sara,Moulin,4095,Rue Bossuet,Asnières-sur-Seine,Isère,France,63507,35.4809,81.8915,+11:00,"Magadan, Solomon Islands, New Caledonia",sara.moulin@example.com,eb5f6618-9883-4087-b7ef-3862cd06df98,yellowelephant571,tanner,HIoaGESC,1b2708ccc1694f5f96ad9f9358765ac6,279e13a8f2c9b824584f16b939afc4a05711da05,f05630fb307f48a372eded5cb1e3c3bf4dbef205c7279a139391a910dbf8d753,1967-07-12T16:38:52.399Z,57,2005-08-27T13:29:53.854Z,18,05-04-89-65-12,INSEE,2670609722157 67,FR
female,Ms,Suzanne,Peters,1809,Park Lane,Oxford,Grampian,United Kingdom,VX09 7BY,-3.5679,21.7757,-3:30,Newfoundland,suzanne.peters@example.com,ebc429a6-73f3-41b0-afb7-7cabee8de832,heavykoala825,puffer,l7meTbx7,2944c595fd244ccc18814b08725575df,5c7cbcc410b6c1b0a3983f3d37ee347d3b88b45b,ec900183e0d997c025e72bf1f4661c3cca1cd80c126862f0e08dfef52907a607,1982-01-22T02:22:36.764Z,42,2016-08-29T15:24:38.126Z,7,016974 16651,NINO,NL 79 09 21 C,GB
